,tic,date,statDate,dupontROE,dupontAssetStoEquity,dupontAssetTurn,dupontPnitoni,dupontNitogr,dupontTaxBurden,dupontIntburden,dupontEbittogr
0,sh.600000,2019-04-30,2019-03-31,0.034284,13.371919,,0.990015,0.331942,0.860641,,
1,sh.600000,2019-08-24,2019-06-30,0.066587,13.428551,,0.990590,0.332083,0.848056,,
2,sh.600000,2019-10-30,2019-09-30,0.095587,12.929761,,0.989481,0.333802,0.846423,,
3,sh.600000,2020-04-25,2019-12-31,0.114901,12.965903,,0.990001,0.312059,0.852314,,
4,sh.600000,2020-04-25,2020-03-31,0.030746,12.668370,,0.990359,0.316289,0.846615,,
5,sh.600000,2020-08-29,2020-06-30,0.051763,12.984997,,0.989779,0.288481,0.871537,,
6,sh.600000,2020-10-31,2020-09-30,0.079413,13.028267,,0.990086,0.303837,0.875232,,
7,sh.600000,2021-03-27,2020-12-31,0.097856,12.546493,,0.988677,0.300396,0.884692,,
8,sh.600028,2019-04-30,2019-03-31,0.020251,2.335895,0.421392,0.799253,0.025741,0.769304,0.911541,0.036707
9,sh.600028,2019-08-26,2019-06-30,0.043439,2.368336,0.877336,0.804446,0.025988,0.793466,0.919315,0.035627
10,sh.600028,2019-10-31,2019-09-30,0.059936,2.367075,1.306544,0.794672,0.024387,0.797050,0.897664,0.034085
11,sh.600028,2020-03-30,2019-12-31,0.079026,2.296620,1.772248,0.798522,0.024315,0.801213,0.914843,0.033172
12,sh.600028,2020-04-30,2020-03-31,-0.027257,2.454401,0.311851,0.940567,-0.037861,0.736389,1.075703,-0.047796
13,sh.600028,2020-08-31,2020-06-30,-0.031969,2.498531,0.578323,1.030257,-0.021475,0.792874,1.224836,-0.022113
14,sh.600028,2020-10-29,2020-09-30,0.032018,2.420720,0.874742,0.757948,0.019950,0.837628,0.834389,0.028544
15,sh.600028,2021-03-29,2020-12-31,0.044443,2.354752,1.207256,0.788599,0.019824,0.870354,1.006315,0.022635
16,sh.600030,2019-04-30,2019-03-31,0.027375,4.264374,,0.977183,0.414069,0.759405,,
17,sh.600030,2019-08-23,2019-06-30,0.041700,4.454270,,0.967230,0.305812,0.746059,,
18,sh.600030,2019-10-31,2019-09-30,0.067187,4.413933,,0.969509,0.331152,0.751024,,
19,sh.600030,2020-03-20,2019-12-31,0.077700,4.590252,,0.966808,0.293197,0.744261,,
20,sh.600030,2020-04-29,2020-03-31,0.024046,5.056510,,0.965021,0.328598,0.763302,,
21,sh.600030,2020-08-25,2020-06-30,0.052868,5.232233,,0.968072,0.344766,0.776525,,
22,sh.600030,2020-10-30,2020-09-30,0.074176,5.377901,,0.965552,0.312243,0.772199,,
23,sh.600030,2021-03-19,2020-12-31,0.086809,5.372806,,0.960415,0.285321,0.757997,,
24,sh.600031,2019-04-29,2019-03-31,0.091727,2.241728,0.270511,0.968844,0.156127,0.836110,0.970148,0.192475
25,sh.600031,2019-08-30,2019-06-30,0.189933,2.262030,0.539858,0.972915,0.159863,0.836526,0.999062,0.191283
26,sh.600031,2019-10-31,2019-09-30,0.248159,2.193979,0.724768,0.973768,0.160266,0.840981,1.012781,0.188166
27,sh.600031,2020-04-24,2019-12-31,0.295278,2.164734,0.920978,0.974963,0.151911,0.854332,0.996128,0.178504
28,sh.600031,2020-04-29,2020-03-31,0.048283,2.071733,0.183439,0.990831,0.128224,0.838606,0.989932,0.154457
29,sh.600031,2020-08-28,2020-06-30,0.179608,2.195402,0.475225,0.980233,0.175624,0.853256,1.001169,0.205587
30,sh.600031,2020-10-30,2020-09-30,0.254644,2.152369,0.697708,0.977768,0.173423,0.853523,1.001657,0.202849
31,sh.600031,2021-03-31,2020-12-31,0.305624,2.146845,0.923028,0.972938,0.158521,0.855884,1.004327,0.184415
32,sh.600036,2019-04-30,2019-03-31,0.045635,12.240568,,0.989920,0.370925,0.771071,,
33,sh.600036,2019-08-24,2019-06-30,0.091357,12.580198,,0.995163,0.367734,0.783963,,
34,sh.600036,2019-10-31,2019-09-30,0.135919,12.363504,,0.993287,0.374337,0.788052,,
35,sh.600036,2020-03-21,2019-12-31,0.161309,12.300448,,0.994049,0.346392,0.797587,,
36,sh.600036,2020-04-30,2020-03-31,0.044354,12.114391,,0.994312,0.364920,0.800905,,
37,sh.600036,2020-08-29,2020-06-30,0.080056,12.420551,,0.994209,0.337560,0.796938,,
38,sh.600036,2020-10-31,2020-09-30,0.116541,11.846841,,0.993941,0.348056,0.787192,,
39,sh.600036,2021-03-20,2020-12-31,0.145825,11.818790,,0.993701,0.337229,0.800057,,
40,sh.600048,2019-04-27,2019-03-31,0.018856,7.102086,0.025845,0.693921,0.148039,0.741687,0.795820,0.250807
41,sh.600048,2019-08-13,2019-06-30,0.080377,7.184086,0.079952,0.767901,0.182233,0.755370,0.889993,0.271069
42,sh.600048,2019-10-26,2019-09-30,0.102507,7.275426,0.122772,0.731096,0.156973,0.754364,0.871528,0.238760
43,sh.600048,2020-04-16,2019-12-31,0.201184,6.762871,0.251083,0.744502,0.159140,0.743191,0.955534,0.224095
44,sh.600048,2020-04-30,2020-03-31,0.015007,6.595978,0.022792,0.659532,0.151357,0.740441,0.825362,0.247667
45,sh.600048,2020-08-25,2020-06-30,0.063535,6.678725,0.069260,0.759908,0.180748,0.763609,0.895831,0.264227
46,sh.600048,2020-10-30,2020-09-30,0.082114,6.782268,0.107727,0.720453,0.155996,0.750633,0.886591,0.234403
47,sh.600048,2021-04-20,2020-12-31,0.172182,6.794239,0.212912,0.722840,0.164667,0.762275,0.938800,0.230102
48,sh.600050,2019-04-24,2019-03-31,0.011536,3.942468,0.131720,0.442539,0.050200,0.767601,0.947473,0.069024
49,sh.600050,2019-08-15,2019-06-30,0.021423,3.936379,0.261576,0.442478,0.047022,0.787861,1.031741,0.057846
50,sh.600050,2019-10-22,2019-09-30,0.030504,3.930773,0.390386,0.442644,0.044909,0.797298,0.954685,0.059001
51,sh.600050,2020-03-24,2019-12-31,0.035150,3.901600,0.525346,0.442297,0.038773,0.802563,1.055712,0.045762
52,sh.600050,2020-04-23,2020-03-31,0.009702,3.925318,0.130737,0.441200,0.042852,0.774349,0.856019,0.064647
53,sh.600050,2020-08-13,2020-06-30,0.023136,3.923863,0.265166,0.441317,0.050385,0.781078,0.993431,0.064934
54,sh.600050,2020-10-22,2020-09-30,0.032964,3.916126,0.396527,0.441116,0.048123,0.789819,0.866472,0.070319
55,sh.600050,2021-03-12,2020-12-31,0.037942,3.940086,0.529932,0.440826,0.041222,0.784794,0.994414,0.052821
56,sh.600104,2019-04-30,2019-03-31,0.034388,3.264144,0.255613,0.752160,0.054795,0.869148,0.990278,0.063664
57,sh.600104,2019-08-30,2019-06-30,0.058376,3.314400,0.481502,0.751145,0.048697,0.868638,0.976195,0.057429
58,sh.600104,2019-10-31,2019-09-30,0.086821,3.310914,0.738214,0.746733,0.047570,0.866674,0.979501,0.056037
59,sh.600104,2020-04-14,2019-12-31,0.105784,3.371622,1.033420,0.725536,0.041845,0.861592,0.999728,0.048580
60,sh.600104,2020-04-30,2020-03-31,0.004492,3.312567,0.128188,0.777917,0.013600,0.579649,0.944253,0.024847
61,sh.600104,2020-08-28,2020-06-30,0.033802,3.387841,0.337258,0.763982,0.038724,0.865487,0.988987,0.045241
62,sh.600104,2020-10-31,2020-09-30,0.066070,3.363791,0.588336,0.778927,0.042860,0.878917,0.995628,0.048979
63,sh.600104,2021-03-26,2020-12-31,0.080152,3.469460,0.839161,0.699980,0.039330,0.813227,1.003580,0.048190
64,sh.600196,2019-04-30,2019-03-31,0.025126,2.527491,0.093927,0.837164,0.126425,0.864400,0.792241,0.184612
65,sh.600196,2019-08-27,2019-06-30,0.053473,2.543659,0.196515,0.833203,0.128389,0.828554,0.826727,0.187433
66,sh.600196,2019-10-30,2019-09-30,0.070420,2.544223,0.284704,0.840408,0.115679,0.829972,0.818926,0.170195
67,sh.600196,2020-03-31,2019-12-31,0.110969,2.449997,0.389786,0.887298,0.130960,0.827160,0.835967,0.189392
68,sh.600196,2020-04-30,2020-03-31,0.017864,2.378705,0.076514,0.890066,0.110278,0.842894,0.816423,0.160251
69,sh.600196,2020-08-26,2020-06-30,0.052819,2.407132,0.179515,0.897939,0.136127,0.829655,0.874126,0.187703
70,sh.600196,2020-10-30,2020-09-30,0.076309,2.411318,0.282161,0.901484,0.124414,0.818356,0.872993,0.174147
71,sh.600196,2021-03-30,2020-12-31,0.106348,2.319938,0.379298,0.929653,0.130002,0.842264,0.872864,0.176830
72,sh.600276,2019-04-17,2019-03-31,0.059402,1.134219,0.218118,0.999015,0.240349,0.859800,1.004142,0.278388
73,sh.600276,2019-08-30,2019-06-30,0.116272,1.127154,0.428720,0.999658,0.240696,0.852717,1.021487,0.276332
74,sh.600276,2019-10-25,2019-09-30,0.174196,1.126691,0.701454,1.000429,0.220318,0.848100,1.024997,0.253442
75,sh.600276,2020-03-23,2019-12-31,0.239443,1.121658,0.933079,1.000296,0.228715,0.879568,1.020261,0.254867
76,sh.600276,2020-04-28,2020-03-31,0.051696,1.114608,0.194877,1.007319,0.236270,0.825169,1.032830,0.277228
77,sh.600276,2020-08-01,2020-06-30,0.103733,1.115188,0.395181,1.003550,0.234550,0.839362,1.042517,0.268042
78,sh.600276,2020-10-20,2020-09-30,0.160636,1.133348,0.646114,1.003735,0.218550,0.841591,1.040865,0.249492
79,sh.600276,2021-04-20,2020-12-31,0.228959,1.126745,0.890555,1.003089,0.227474,0.914932,1.043079,0.238356
80,sh.600309,2019-04-27,2019-03-31,0.074802,2.264166,0.188502,0.952833,0.183939,0.817492,0.929787,0.241996
81,sh.600309,2019-08-21,2019-06-30,0.156742,2.410984,0.364769,0.956556,0.186322,0.837686,0.927215,0.239884
82,sh.600309,2019-10-25,2019-09-30,0.213148,2.339406,0.559861,0.953855,0.170614,0.825898,0.928576,0.222469
83,sh.600309,2020-03-31,2019-12-31,0.266079,2.282263,0.783191,0.956262,0.155668,0.864030,0.921935,0.195421
84,sh.600309,2020-04-25,2020-03-31,0.031998,2.377240,0.149967,0.921365,0.097413,0.890450,0.899704,0.121593
85,sh.600309,2020-08-20,2020-06-30,0.067773,2.528553,0.292172,0.936652,0.097942,0.910671,0.907315,0.118535
86,sh.600309,2020-10-23,2020-09-30,0.123952,2.581988,0.441832,0.951691,0.114168,0.880831,0.931837,0.139096
87,sh.600309,2021-03-16,2020-12-31,0.220341,2.530248,0.636836,0.964139,0.141829,0.887722,0.930100,0.171774
88,sh.600436,2019-04-27,2019-03-31,0.076830,1.332365,0.211665,0.981717,0.277506,0.849685,1.001956,0.325961
89,sh.600436,2019-08-24,2019-06-30,0.137017,1.339191,0.396663,0.986235,0.261534,0.844571,1.011407,0.306173
90,sh.600436,2019-10-25,2019-09-30,0.196370,1.335497,0.575610,0.989258,0.258222,0.848760,1.010590,0.301047
91,sh.600436,2020-04-25,2019-12-31,0.235988,1.328019,0.739859,0.990945,0.242375,0.843330,1.027423,0.279731
92,sh.600436,2020-04-25,2020-03-31,0.068310,1.316438,0.190168,0.977827,0.279052,0.848604,1.020791,0.322139
93,sh.600436,2020-08-22,2020-06-30,0.127001,1.309979,0.363939,0.978490,0.272243,0.849981,1.026669,0.311973
94,sh.600436,2020-10-24,2020-09-30,0.187735,1.337228,0.535591,0.982354,0.266832,0.849030,1.026384,0.306200
95,sh.600436,2021-04-24,2020-12-31,0.230657,1.312060,0.684756,0.989442,0.259470,0.853685,1.034857,0.293704
96,sh.600438,2019-04-18,2019-03-31,0.031839,2.736691,0.146284,1.012875,0.078521,0.849386,0.787667,0.117365
97,sh.600438,2019-08-15,2019-06-30,0.093096,2.642106,0.391638,0.993671,0.090543,0.839211,0.877639,0.122933
98,sh.600438,2019-10-25,2019-09-30,0.140433,2.575254,0.681325,0.983839,0.081352,0.838859,0.840811,0.115341
99,sh.600438,2020-04-21,2019-12-31,0.163057,2.639802,0.880495,0.982192,0.071424,0.851124,0.858046,0.097800
100,sh.600438,2020-04-21,2020-03-31,0.017332,2.466098,0.159657,0.959694,0.045869,0.842905,0.708401,0.076818
101,sh.600438,2020-08-08,2020-06-30,0.051013,2.501464,0.378187,0.974518,0.055334,0.854185,0.855952,0.075682
102,sh.600438,2020-10-23,2020-09-30,0.158900,2.417441,0.624810,0.977984,0.107569,0.854388,0.901884,0.139599
103,sh.600438,2021-04-13,2020-12-31,0.149960,2.308322,0.795879,0.971246,0.084043,0.869190,0.904491,0.106902
104,sh.600519,2019-04-25,2019-03-31,0.094737,1.349682,0.140620,0.941733,0.530046,0.749950,1.000021,0.706760
105,sh.600519,2019-07-18,2019-06-30,0.175322,1.427846,0.253395,0.941240,0.514820,0.749255,1.000257,0.686933
106,sh.600519,2019-10-16,2019-09-30,0.255819,1.354059,0.393978,0.939608,0.510360,0.750182,1.000013,0.680307
107,sh.600519,2020-04-22,2019-12-31,0.331177,1.377901,0.518269,0.937150,0.494855,0.748011,1.000352,0.661328
108,sh.600519,2020-04-28,2020-03-31,0.091849,1.279020,0.138748,0.944522,0.547972,0.750093,1.000398,0.730247
109,sh.600519,2020-07-29,2020-06-30,0.165436,1.300118,0.256921,0.944587,0.524332,0.748239,1.002461,0.699034
110,sh.600519,2020-10-26,2020-09-30,0.237832,1.292337,0.378514,0.943556,0.515282,0.748781,1.003434,0.685805
111,sh.600519,2021-03-31,2020-12-31,0.314108,1.333313,0.494368,0.942935,0.505375,0.748121,1.004228,0.672682
112,sh.600547,2019-04-27,2019-03-31,0.016806,2.109061,0.231400,0.890771,0.038659,0.754945,0.755239,0.067804
113,sh.600547,2019-08-30,2019-06-30,0.030420,2.118248,0.674125,0.891835,0.023887,0.753450,0.767541,0.041306
114,sh.600547,2019-10-30,2019-09-30,0.043202,2.354066,1.258445,0.901367,0.016179,0.688006,0.699901,0.033598
115,sh.600547,2020-04-17,2019-12-31,0.057650,2.304747,1.214932,0.907190,0.022695,0.671275,0.728333,0.046419
116,sh.600547,2020-04-29,2020-03-31,0.024041,2.524602,0.236083,0.888742,0.045385,0.738637,0.831319,0.073912
117,sh.600547,2020-08-28,2020-06-30,0.048907,2.549425,0.550026,0.885792,0.039374,0.769990,0.824716,0.062004
118,sh.600547,2020-10-29,2020-09-30,0.077354,2.590287,0.869412,0.886196,0.038760,0.753515,0.838077,0.061377
119,sh.600547,2021-03-31,2020-12-31,0.087026,2.352143,1.043544,0.888240,0.039916,0.749250,0.820702,0.064913
120,sh.600570,2019-04-25,2019-03-31,0.117391,1.858367,0.094026,1.022946,0.656754,0.880256,0.998646,0.747106
121,sh.600570,2019-08-29,2019-06-30,0.197608,1.854487,0.239390,1.003579,0.443530,0.920382,0.998080,0.482825
122,sh.600570,2019-10-26,2019-09-30,0.229899,1.850419,0.355113,1.005564,0.347929,0.905485,0.999080,0.384600
123,sh.600570,2020-04-25,2019-12-31,0.369651,1.902735,0.531268,1.000308,0.365566,0.926715,0.999818,0.394546
124,sh.600570,2020-04-28,2020-03-31,-0.010075,1.798843,0.064044,0.960832,-0.091019,0.897924,1.092634,-0.092772
125,sh.600570,2020-08-27,2020-06-30,0.077016,1.803391,0.201224,1.002633,0.211674,0.942467,1.007710,0.222878
126,sh.600570,2020-10-30,2020-09-30,0.102377,2.019666,0.278662,0.945370,0.192418,0.881660,1.010005,0.216083
127,sh.600570,2021-04-27,2020-12-31,0.292646,2.029299,0.455264,0.969617,0.326688,0.948138,1.006359,0.342380
128,sh.600585,2019-04-27,2019-03-31,0.052537,1.303982,0.202073,0.980236,0.203402,0.772907,1.034378,0.254419
129,sh.600585,2019-08-23,2019-06-30,0.131714,1.301935,0.474981,0.977029,0.218002,0.768021,1.027874,0.276151
130,sh.600585,2019-10-23,2019-09-30,0.198217,1.314265,0.701399,0.976347,0.220237,0.774593,1.031357,0.275681
131,sh.600585,2020-03-21,2019-12-31,0.268688,1.313032,0.956556,0.977898,0.218760,0.770970,1.026324,0.276469
132,sh.600585,2020-04-28,2020-03-31,0.035139,1.281747,0.129489,0.993117,0.213182,0.741937,0.917253,0.313252
133,sh.600585,2020-08-22,2020-06-30,0.114640,1.291528,0.408797,0.966964,0.224550,0.773069,1.040981,0.279031
134,sh.600585,2020-10-28,2020-09-30,0.171133,1.299617,0.660467,0.965753,0.206444,0.771799,0.942903,0.283681
135,sh.600585,2021-03-26,2020-12-31,0.234837,1.269286,0.928204,0.965893,0.206364,0.772061,0.990654,0.269812
136,sh.600588,2019-04-27,2019-03-31,0.012773,2.319048,0.083905,0.809385,0.081105,0.811823,0.780910,0.127933
137,sh.600588,2019-08-17,2019-06-30,0.075166,2.359141,0.218827,0.861662,0.168978,0.940053,0.916605,0.196108
138,sh.600588,2019-10-31,2019-09-30,0.069815,2.377756,0.329060,0.832125,0.107231,0.932016,0.870174,0.132218
139,sh.600588,2020-03-28,2019-12-31,0.172155,2.383649,0.519527,0.895317,0.155272,0.941204,0.924749,0.178396
140,sh.600588,2020-04-30,2020-03-31,-0.033646,2.424074,0.063539,0.927318,-0.235567,1.011537,1.140672,-0.204161
141,sh.600588,2020-08-29,2020-06-30,0.003823,2.580952,0.170694,1.165233,0.007447,0.687914,0.346140,0.031274
142,sh.600588,2020-10-31,2020-09-30,-0.002298,2.450048,0.277696,0.575838,-0.005865,8.598467,-0.043107,0.015822
143,sh.600588,2021-03-27,2020-12-31,0.134361,2.343683,0.494342,0.940288,0.123335,0.933587,0.914300,0.144492
144,sh.600690,2019-04-30,2019-03-31,0.053089,4.276187,0.279204,0.801249,0.055495,0.845947,0.877211,0.074784
145,sh.600690,2019-08-30,2019-06-30,0.126274,4.263661,0.569110,0.826654,0.062952,0.857565,0.920012,0.079790
146,sh.600690,2019-10-31,2019-09-30,0.184446,4.164208,0.848475,0.689837,0.075675,0.852223,0.933915,0.095080
147,sh.600690,2020-04-30,2019-12-31,0.188021,4.057178,1.133756,0.665314,0.061438,0.843054,0.924379,0.078837
148,sh.600690,2020-04-30,2020-03-31,0.022174,3.894160,0.229513,0.796633,0.031143,0.857430,0.911670,0.039841
149,sh.600690,2020-08-29,2020-06-30,0.057802,4.006466,0.496648,0.769875,0.037732,0.845263,0.895318,0.049859
150,sh.600690,2020-10-30,2020-09-30,0.128154,3.942551,0.796634,0.785699,0.051932,0.823296,0.935306,0.067442
151,sh.600690,2021-03-31,2020-12-31,0.154773,3.408000,1.073003,0.783970,0.053988,0.835341,0.941585,0.068639
152,sh.600745,2019-04-30,2019-03-31,0.011882,6.348485,0.212928,0.482984,0.018199,0.938834,0.585296,0.033119
153,sh.600745,2019-08-31,2019-06-30,0.053100,6.289480,0.492025,0.884562,0.019398,0.793298,0.565105,0.043271
154,sh.600745,2019-10-31,2019-09-30,0.137677,6.711296,0.845849,1.024224,0.023679,0.765036,0.708108,0.043710
155,sh.600745,2020-04-22,2019-12-31,0.101159,3.311571,1.013188,0.908817,0.033175,0.936346,0.733956,0.048272
156,sh.600745,2020-04-30,2020-03-31,0.029653,2.902864,0.182287,0.913980,0.061313,0.823790,0.827940,0.089896
157,sh.600745,2020-08-31,2020-06-30,0.077730,2.794155,0.394344,0.971888,0.072585,0.839191,0.874682,0.098886
158,sh.600745,2020-10-31,2020-09-30,0.090524,2.527574,0.612346,0.980868,0.059628,0.824452,0.846225,0.085468
159,sh.600745,2021-04-30,2020-12-31,0.096134,2.488057,0.827158,0.981996,0.047568,0.927602,0.825138,0.062149
160,sh.600809,2019-04-27,2019-03-31,0.131810,1.862668,0.327249,0.929893,0.232541,0.730894,0.952631,0.333980
161,sh.600809,2019-08-27,2019-06-30,0.184267,1.964583,0.502598,0.940400,0.198447,0.715626,0.981045,0.282663
162,sh.600809,2019-10-26,2019-09-30,0.251859,1.931315,0.701791,0.935958,0.198536,0.713345,0.991008,0.280842
163,sh.600809,2020-04-28,2019-12-31,0.283799,2.042055,0.851718,0.943968,0.172858,0.721791,1.038353,0.230640
164,sh.600809,2020-04-28,2020-03-31,0.151920,1.923940,0.266904,0.991679,0.298329,0.771020,1.008116,0.383812
165,sh.600809,2020-08-25,2020-06-30,0.204054,2.026027,0.433013,0.993063,0.234219,0.746459,1.013547,0.309579
166,sh.600809,2020-10-30,2020-09-30,0.296687,2.015161,0.620580,0.994068,0.238657,0.745509,1.014210,0.315641
167,sh.600809,2021-04-27,2020-12-31,0.357553,2.081195,0.780544,0.988245,0.222724,0.735460,1.017643,0.297586
168,sh.600837,2019-04-26,2019-03-31,0.031351,4.933973,,0.919704,0.411823,0.770744,,
169,sh.600837,2019-08-31,2019-06-30,0.046006,4.984439,,0.910740,0.342161,0.758163,,
170,sh.600837,2019-10-31,2019-09-30,0.061064,5.002402,,0.914653,0.321099,0.757804,,
171,sh.600837,2020-03-27,2019-12-31,0.078076,4.965851,,0.903477,0.306160,0.759856,,
172,sh.600837,2020-04-29,2020-03-31,0.017980,5.193064,,0.999628,0.326864,0.724222,,
173,sh.600837,2020-08-29,2020-06-30,0.042634,5.125259,,0.929125,0.331773,0.754712,,
174,sh.600837,2020-10-30,2020-09-30,0.060613,4.870542,,0.918829,0.327507,0.754195,,
175,sh.600837,2021-03-31,2020-12-31,0.077809,4.760927,,0.903480,0.314947,0.763914,,
176,sh.600887,2019-04-26,2019-03-31,0.083937,1.845325,0.462306,0.997941,0.098593,0.835795,1.040084,0.113417
177,sh.600887,2019-08-30,2019-06-30,0.141781,1.871556,0.903142,0.995290,0.084277,0.849605,1.034390,0.095898
178,sh.600887,2019-10-31,2019-09-30,0.215455,1.927291,1.363505,0.996851,0.082247,0.851353,1.006650,0.095970
179,sh.600887,2020-04-29,2019-12-31,0.256585,1.999524,1.669755,0.997560,0.077039,0.848259,1.009488,0.089967
180,sh.600887,2020-04-29,2020-03-31,0.043143,2.465440,0.316225,0.991842,0.055792,0.865350,0.966632,0.066699
181,sh.600887,2020-08-28,2020-06-30,0.144463,2.492654,0.737445,0.994217,0.079047,0.861415,0.999401,0.091819
182,sh.600887,2020-10-30,2020-09-30,0.220948,2.508139,1.078719,0.996802,0.081926,0.854684,1.005329,0.095347
183,sh.600887,2021-04-29,2020-12-31,0.250489,2.328863,1.472252,0.997075,0.073271,0.871052,1.007104,0.083525
184,sh.600893,2019-04-27,2019-03-31,0.000148,2.052936,0.061498,0.407671,0.002870,0.452854,0.159791,0.039665
185,sh.600893,2019-08-24,2019-06-30,0.012197,2.119674,0.157255,0.950066,0.038514,0.840075,0.690593,0.066386
186,sh.600893,2019-10-30,2019-09-30,0.015064,2.088999,0.223230,0.911564,0.035436,0.848479,0.646240,0.064627
187,sh.600893,2020-04-18,2019-12-31,0.039094,2.115764,0.432356,0.971620,0.043985,0.823776,0.773891,0.068994
188,sh.600893,2020-04-28,2020-03-31,0.003001,2.189968,0.054859,0.897535,0.027833,0.784795,0.759436,0.046699
189,sh.600893,2020-08-26,2020-06-30,0.014215,2.235629,0.143104,0.962844,0.046147,0.838646,0.878576,0.062631
190,sh.600893,2020-10-30,2020-09-30,0.019702,2.038579,0.235965,0.960645,0.042636,0.848841,0.861453,0.058307
191,sh.600893,2021-03-31,2020-12-31,0.035375,1.967388,0.449254,0.982771,0.040725,0.827159,0.862735,0.057069
192,sh.600900,2019-04-30,2019-03-31,0.020285,2.057042,0.029109,0.999632,0.338899,0.859140,0.716323,0.550678
193,sh.600900,2019-08-31,2019-06-30,0.061572,2.132559,0.068583,0.999670,0.421124,0.838388,0.796087,0.630964
194,sh.600900,2019-10-31,2019-09-30,0.124105,2.053270,0.129083,0.999409,0.468521,0.823933,0.844421,0.673408
195,sh.600900,2020-04-30,2019-12-31,0.147703,2.029319,0.168499,0.998889,0.432438,0.809984,0.838477,0.636732
196,sh.600900,2020-04-30,2020-03-31,0.015210,1.969265,0.028272,0.998479,0.273604,0.815360,0.699338,0.479829
197,sh.600900,2020-08-31,2020-06-30,0.054258,2.160022,0.063295,0.993706,0.399375,0.836357,0.792155,0.602809
198,sh.600900,2020-10-31,2020-09-30,0.128577,2.036363,0.133633,0.995068,0.474832,0.817111,0.867084,0.670190
199,sh.600900,2021-04-30,2020-12-31,0.163530,1.950419,0.184226,0.992139,0.458718,0.816695,0.864967,0.649361
200,sh.601012,2019-04-30,2019-03-31,0.036493,2.472275,0.137887,0.911847,0.117401,0.902709,0.833925,0.155954
201,sh.601012,2019-08-29,2019-06-30,0.104591,2.375242,0.309206,0.942625,0.151077,0.883776,0.937532,0.182335
202,sh.601012,2019-10-31,2019-09-30,0.164957,2.219466,0.484072,0.945274,0.162426,0.872190,0.956922,0.194611
203,sh.601012,2020-04-23,2019-12-31,0.239542,2.245063,0.664842,0.950044,0.168924,0.889583,0.965152,0.196747
204,sh.601012,2020-04-23,2020-03-31,0.065239,2.143006,0.140451,0.948592,0.228495,0.869380,0.940863,0.279345
205,sh.601012,2020-08-28,2020-06-30,0.140385,2.170503,0.316474,0.969658,0.210768,0.875963,0.997114,0.241309
206,sh.601012,2020-10-31,2020-09-30,0.209284,2.318966,0.480317,0.973751,0.192960,0.875946,0.992535,0.221944
207,sh.601012,2021-04-21,2020-12-31,0.272653,2.342231,0.742938,0.983065,0.159384,0.877702,0.992042,0.183049
208,sh.601066,2019-04-26,2019-03-31,0.030724,4.380637,,0.993374,0.481983,0.751141,,
209,sh.601066,2019-08-24,2019-06-30,0.048360,4.601326,,0.994700,0.396563,0.764133,,
210,sh.601066,2019-10-30,2019-09-30,0.074247,4.292789,,0.992737,0.396795,0.761356,,
211,sh.601066,2020-03-27,2019-12-31,0.105640,4.615551,,0.994944,0.403825,0.772973,,
212,sh.601066,2020-04-25,2020-03-31,0.033868,4.971264,,0.996263,0.446884,0.785149,,
213,sh.601066,2020-08-26,2020-06-30,0.079166,5.162984,,0.997888,0.463467,0.781793,,
214,sh.601066,2020-10-24,2020-09-30,0.126631,5.404910,,0.997390,0.473585,0.785674,,
215,sh.601066,2021-04-01,2020-12-31,0.152987,5.284050,,0.997142,0.408408,0.786484,,
216,sh.601088,2019-04-26,2019-03-31,0.037659,1.704718,0.100057,0.848810,0.260108,0.813797,0.974595,0.327954
217,sh.601088,2019-08-24,2019-06-30,0.073173,1.736105,0.202306,0.839730,0.248099,0.783255,0.975467,0.324720
218,sh.601088,2019-10-29,2019-09-30,0.109943,1.701706,0.309815,0.844964,0.246799,0.797286,0.973304,0.318039
219,sh.601088,2020-03-28,2019-12-31,0.127264,1.685653,0.422215,0.839154,0.213089,0.772436,0.967393,0.285164
220,sh.601088,2020-04-25,2020-03-31,0.027474,1.594943,0.089717,0.834638,0.230045,0.798396,0.933524,0.308652
221,sh.601088,2020-08-29,2020-06-30,0.059077,1.622016,0.185152,0.832547,0.236278,0.792874,0.976382,0.305211
222,sh.601088,2020-10-26,2020-09-30,0.094528,1.577565,0.296555,0.836436,0.241567,0.802532,0.979834,0.307201
223,sh.601088,2021-03-27,2020-12-31,0.110010,1.568466,0.417686,0.828732,0.202625,0.754285,0.981994,0.273558
224,sh.601138,2019-04-30,2019-03-31,0.039022,2.512320,0.433054,1.000194,0.035860,0.842227,1.034375,0.041163
225,sh.601138,2019-08-14,2019-06-30,0.074132,2.559546,0.901523,1.000079,0.032124,0.928312,1.075658,0.032171
226,sh.601138,2019-10-31,2019-09-30,0.133212,2.646968,1.383048,1.000032,0.036387,0.898428,1.053963,0.038427
227,sh.601138,2020-03-31,2019-12-31,0.230310,2.514099,2.012217,1.000007,0.045525,0.880450,1.037882,0.049820
228,sh.601138,2020-04-30,2020-03-31,0.020715,2.217147,0.400455,0.999176,0.023350,0.880640,0.799849,0.033150
229,sh.601138,2020-08-12,2020-06-30,0.055890,2.255031,0.868552,1.000234,0.028529,0.885943,1.100957,0.029249
230,sh.601138,2020-10-31,2020-09-30,0.095536,2.303673,1.330845,1.000419,0.031148,0.880703,0.862352,0.041013
231,sh.601138,2021-03-30,2020-12-31,0.180599,2.233434,2.003057,1.000235,0.040360,0.882548,1.056902,0.043269
232,sh.601166,2019-04-30,2019-03-31,0.041465,14.142348,,0.993531,0.415506,0.874790,,
233,sh.601166,2019-08-28,2019-06-30,0.073510,14.035823,,0.993630,0.401626,0.903945,,
234,sh.601166,2019-10-30,2019-09-30,0.110198,13.740916,,0.991746,0.405304,0.895573,,
235,sh.601166,2020-04-29,2019-12-31,0.130780,13.756735,,0.987497,0.367893,0.895293,,
236,sh.601166,2020-04-29,2020-03-31,0.037999,13.180382,,0.992152,0.420848,0.875927,,
237,sh.601166,2020-08-29,2020-06-30,0.059533,13.416469,,0.988474,0.329644,0.905645,,
238,sh.601166,2020-10-30,2020-09-30,0.093496,13.305932,,0.987080,0.346244,0.905557,,
239,sh.601166,2021-03-31,2020-12-31,0.115176,12.999467,,0.984412,0.333179,0.883137,,
240,sh.601211,2019-04-27,2019-03-31,0.023966,3.722222,,0.923901,0.485929,0.777686,,
241,sh.601211,2019-08-23,2019-06-30,0.039800,3.873309,,0.940600,0.378656,0.777234,,
242,sh.601211,2019-10-31,2019-09-30,0.050614,3.764526,,0.944560,0.336539,0.777838,,
243,sh.601211,2020-03-25,2019-12-31,0.066196,3.816967,,0.954226,0.302223,0.790883,,
244,sh.601211,2020-04-30,2020-03-31,0.013211,4.195832,,1.002854,0.296335,0.733885,,
245,sh.601211,2020-08-13,2020-06-30,0.040433,4.382783,,0.951406,0.362529,0.779421,,
246,sh.601211,2020-10-29,2020-09-30,0.065657,4.593485,,0.945266,0.367975,0.780887,,
247,sh.601211,2021-03-26,2020-12-31,0.080931,4.592293,,0.947604,0.333437,0.789209,,
248,sh.601288,2019-04-27,2019-03-31,0.036001,13.597240,,0.985995,0.359017,0.832007,,
249,sh.601288,2019-08-31,2019-06-30,0.071376,13.689438,,0.992425,0.378651,0.838957,,
250,sh.601288,2019-10-26,2019-09-30,0.100710,13.233330,,0.993839,0.382733,0.836505,,
251,sh.601288,2020-03-31,2019-12-31,0.117225,13.123063,,0.996121,0.339447,0.798737,,
252,sh.601288,2020-04-29,2020-03-31,0.032341,12.874800,,0.997235,0.344740,0.790851,,
253,sh.601288,2020-08-31,2020-06-30,0.054005,12.740515,,0.996740,0.321931,0.823734,,
254,sh.601288,2020-10-31,2020-09-30,0.080618,12.720336,,0.996528,0.332991,0.830315,,
255,sh.601288,2021-03-31,2020-12-31,0.103981,12.540700,,0.997805,0.328895,0.816450,,
256,sh.601318,2019-04-30,2019-03-31,0.078777,12.595427,,0.922816,0.130431,0.779703,,
257,sh.601318,2019-08-16,2019-06-30,0.165295,12.442818,,0.923755,0.165434,0.909660,,
258,sh.601318,2019-10-25,2019-09-30,0.216359,12.465443,,0.914066,0.158777,0.880964,,
259,sh.601318,2020-02-21,2019-12-31,0.243004,12.495955,,0.908995,0.140619,0.889715,,
260,sh.601318,2020-04-24,2020-03-31,0.038234,12.385517,,0.859201,0.092433,0.812112,,
261,sh.601318,2020-08-28,2020-06-30,0.099893,12.414479,,0.904104,0.120593,0.837021,,
262,sh.601318,2020-10-28,2020-09-30,0.149029,12.554867,,0.896851,0.125282,0.836351,,
263,sh.601318,2021-02-04,2020-12-31,0.199341,12.363683,,0.897966,0.130803,0.848720,,
264,sh.601336,2019-04-27,2019-03-31,0.048522,10.819667,,0.999703,0.067951,0.827518,,
265,sh.601336,2019-08-29,2019-06-30,0.148336,10.846009,,0.999905,0.116877,1.066114,,
266,sh.601336,2019-10-31,2019-09-30,0.178877,10.702700,,0.999923,0.097891,1.055434,,
267,sh.601336,2020-03-26,2019-12-31,0.194071,10.749937,,0.999931,0.083407,1.101278,,
268,sh.601336,2020-04-29,2020-03-31,0.053866,10.563991,,0.999784,0.068028,0.832465,,
269,sh.601336,2020-08-26,2020-06-30,0.093591,10.353960,,0.999878,0.069265,0.888156,,
270,sh.601336,2020-10-28,2020-09-30,0.124579,10.198703,,0.999820,0.065423,0.922508,,
271,sh.601336,2021-03-25,2020-12-31,0.153601,10.119096,,0.999790,0.069222,0.922923,,
272,sh.601398,2019-04-30,2019-03-31,0.034575,12.004759,,0.991716,0.351124,0.798420,,
273,sh.601398,2019-08-30,2019-06-30,0.070807,12.162225,,0.995501,0.380863,0.806323,,
274,sh.601398,2019-10-26,2019-09-30,0.100990,11.660406,,0.996138,0.390588,0.806913,,
275,sh.601398,2020-03-28,2019-12-31,0.124735,11.547506,,0.996372,0.366434,0.799821,,
276,sh.601398,2020-04-29,2020-03-31,0.031064,11.434461,,0.993895,0.374541,0.793624,,
277,sh.601398,2020-08-31,2020-06-30,0.055036,11.692406,,0.993284,0.334026,0.791102,,
278,sh.601398,2020-10-31,2020-09-30,0.083421,11.597208,,0.993492,0.345764,0.810109,,
279,sh.601398,2021-03-27,2020-12-31,0.113438,11.392827,,0.994400,0.359916,0.810161,,
280,sh.601601,2019-04-27,2019-03-31,0.035159,8.858759,,0.978568,0.042049,0.721149,,
281,sh.601601,2019-08-26,2019-06-30,0.103703,9.007244,,0.979245,0.074987,1.140904,,
282,sh.601601,2019-10-31,2019-09-30,0.143298,8.846937,,0.979566,0.075161,1.019481,,
283,sh.601601,2020-03-23,2019-12-31,0.169151,8.732518,,0.978380,0.073553,1.013874,,
284,sh.601601,2020-04-25,2020-03-31,0.046043,8.617096,,0.976484,0.062151,0.793607,,
285,sh.601601,2020-08-24,2020-06-30,0.075896,8.564989,,0.975876,0.061963,0.827623,,
286,sh.601601,2020-10-31,2020-09-30,0.103091,8.561395,,0.973879,0.059005,0.837206,,
287,sh.601601,2021-03-29,2020-12-31,0.124903,8.381376,,0.969707,0.060050,0.867091,,
288,sh.601628,2019-04-26,2019-03-31,0.076265,9.707672,,0.993816,0.083901,0.786383,,
289,sh.601628,2019-08-23,2019-06-30,0.109490,9.805204,,0.991300,0.082953,0.975214,,
290,sh.601628,2019-10-30,2019-09-30,0.163202,9.706178,,0.990456,0.093359,0.940297,,
291,sh.601628,2020-03-26,2019-12-31,0.161430,9.667357,,0.987681,0.079196,0.986939,,
292,sh.601628,2020-04-24,2020-03-31,0.041811,9.298652,,0.986607,0.051283,0.821649,,
293,sh.601628,2020-08-27,2020-06-30,0.074506,9.385200,,0.983034,0.060463,0.873411,,
294,sh.601628,2020-10-29,2020-09-30,0.114647,9.481023,,0.982409,0.069293,0.890394,,
295,sh.601628,2021-03-26,2020-12-31,0.117749,9.345284,,0.978262,0.062288,0.943052,,
296,sh.601633,2019-04-30,2019-03-31,0.014600,2.107804,0.202680,0.975106,0.035047,0.811871,1.068055,0.040418
297,sh.601633,2019-08-27,2019-06-30,0.029176,1.967606,0.404396,0.978171,0.037486,0.814300,0.949553,0.048480
298,sh.601633,2019-10-26,2019-09-30,0.055298,1.996479,0.594112,0.988528,0.047162,0.823316,1.061911,0.053943
299,sh.601633,2020-04-25,2019-12-31,0.084113,2.103332,0.855598,0.992527,0.047092,0.888282,1.035888,0.051178
300,sh.601633,2020-04-25,2020-03-31,-0.012049,2.019167,0.113961,1.000000,-0.052363,0.829921,0.874206,-0.072173
301,sh.601633,2020-08-29,2020-06-30,0.021289,2.158888,0.309122,1.000000,0.031900,0.869367,1.158894,0.031662
302,sh.601633,2020-10-24,2020-09-30,0.047498,2.207687,0.516777,1.000000,0.041633,0.818827,1.100188,0.046214
303,sh.601633,2021-03-31,2020-12-31,0.095981,2.390418,0.773527,1.000000,0.051908,0.861128,1.069176,0.056379
304,sh.601668,2019-04-30,2019-03-31,0.035596,7.620715,0.156917,0.745217,0.039944,0.762000,0.904273,0.057969
305,sh.601668,2019-08-29,2019-06-30,0.081285,7.596216,0.361155,0.631749,0.046900,0.766222,0.914690,0.066919
306,sh.601668,2019-10-26,2019-09-30,0.117871,7.482838,0.511548,0.680536,0.045248,0.773324,0.882287,0.066318
307,sh.601668,2020-04-25,2019-12-31,0.160724,7.476208,0.728814,0.662625,0.044516,0.775831,0.922670,0.062187
308,sh.601668,2020-04-30,2020-03-31,0.028032,7.603138,0.128457,0.750104,0.038264,0.767875,0.840785,0.059267
309,sh.601668,2020-08-28,2020-06-30,0.071499,7.585807,0.345941,0.602396,0.045228,0.752368,0.901097,0.066713
310,sh.601668,2020-10-29,2020-09-30,0.109833,7.467934,0.508291,0.661977,0.043710,0.748317,0.892440,0.065450
311,sh.601668,2021-04-17,2020-12-31,0.155619,7.317323,0.764214,0.633460,0.043931,0.752465,0.915861,0.063747
312,sh.601688,2019-04-30,2019-03-31,0.026470,3.877014,,0.991026,0.448925,0.768099,,
313,sh.601688,2019-08-30,2019-06-30,0.036845,3.912855,,0.989471,0.369155,0.756750,,
314,sh.601688,2019-10-30,2019-09-30,0.057676,3.936226,,0.992692,0.365531,0.767982,,
315,sh.601688,2020-03-31,2019-12-31,0.079685,4.120047,,0.993865,0.364285,0.781740,,
316,sh.601688,2020-04-30,2020-03-31,0.023320,4.688997,,0.992482,0.423897,0.771201,,
317,sh.601688,2020-08-27,2020-06-30,0.051738,4.670343,,0.994069,0.414604,0.775724,,
318,sh.601688,2020-10-31,2020-09-30,0.070817,5.024693,,0.988504,0.367436,0.782053,,
319,sh.601688,2021-03-24,2020-12-31,0.086026,5.083014,,0.995589,0.345702,0.804957,,
320,sh.601728,2020-04-30,2020-03-31,0.016382,1.997078,0.132940,0.988959,0.062393,0.760005,0.940277,0.087309
321,sh.601728,2020-08-31,2020-06-30,0.039310,1.996850,0.271584,0.991330,0.073120,0.771183,0.923054,0.102719
322,sh.601728,2020-10-27,2020-09-30,0.052382,1.995330,0.408148,0.990115,0.064962,0.772000,0.917463,0.091718
323,sh.601728,2021-04-09,2020-12-31,0.058256,1.980839,0.549891,0.988904,0.054083,0.769784,0.954398,0.073614
324,sh.601857,2019-04-30,2019-03-31,0.008400,2.076009,0.233290,0.638891,0.027147,0.652660,0.768082,0.054154
325,sh.601857,2019-08-30,2019-06-30,0.023280,2.076701,0.471866,0.726204,0.032714,0.633529,0.822795,0.062760
326,sh.601857,2019-10-31,2019-09-30,0.030558,2.103911,0.706850,0.696378,0.029507,0.646879,0.805101,0.056656
327,sh.601857,2020-03-27,2019-12-31,0.037364,2.112782,0.974422,0.681645,0.026625,0.649240,0.794001,0.051649
328,sh.601857,2020-04-30,2020-03-31,-0.013291,2.235239,0.186466,1.215757,-0.026229,1.250867,2.936726,-0.007140
329,sh.601857,2020-08-28,2020-06-30,-0.024788,2.236387,0.343403,1.285463,-0.025109,1.259353,3.680310,-0.005417
330,sh.601857,2020-10-30,2020-09-30,0.008246,2.171304,0.538167,0.486771,0.014497,0.481340,1.771185,0.017004
331,sh.601857,2021-03-26,2020-12-31,0.015538,2.134878,0.740708,0.567546,0.017313,0.597139,0.704615,0.041148
332,sh.601888,2019-04-27,2019-03-31,0.132768,1.593656,0.494697,0.889388,0.189351,0.772704,1.008932,0.242881
333,sh.601888,2019-08-31,2019-06-30,0.188929,1.571097,0.892731,0.849581,0.158552,0.770018,1.025840,0.200720
334,sh.601888,2019-10-30,2019-09-30,0.234961,1.569205,1.269933,0.851125,0.138530,0.761987,0.989615,0.183708
335,sh.601888,2020-04-23,2019-12-31,0.256276,1.592657,1.667394,0.854891,0.112885,0.756194,1.044787,0.142882
336,sh.601888,2020-04-23,2020-03-31,-0.006047,1.525362,0.251940,0.252480,-0.062318,0.856137,0.909404,-0.080041
337,sh.601888,2020-08-29,2020-06-30,0.049575,1.726634,0.595815,1.192993,0.040394,0.671705,1.119519,0.053716
338,sh.601888,2020-10-28,2020-09-30,0.160034,1.765874,1.006422,0.996584,0.090357,0.756363,1.044543,0.114367
339,sh.601888,2021-04-22,2020-12-31,0.291011,1.720644,1.448817,0.836901,0.139486,0.758549,1.024558,0.179478
340,sh.601899,2019-04-30,2019-03-31,0.021302,2.752822,0.256993,0.832931,0.036151,0.734049,0.722331,0.068180
341,sh.601899,2019-08-30,2019-06-30,0.045547,2.819383,0.585706,0.827741,0.033322,0.736686,0.775156,0.058352
342,sh.601899,2019-10-30,2019-09-30,0.073225,2.806614,0.882109,0.840708,0.035181,0.735440,0.807301,0.059255
343,sh.601899,2020-03-21,2019-12-31,0.093494,2.583006,1.149912,0.846481,0.037186,0.725653,0.830032,0.061738
344,sh.601899,2020-04-29,2020-03-31,0.020630,2.613535,0.274464,0.784075,0.036680,0.732880,0.794016,0.063033
345,sh.601899,2020-08-22,2020-06-30,0.047714,2.696033,0.607686,0.783368,0.037177,0.754910,0.821759,0.059929
346,sh.601899,2020-10-20,2020-09-30,0.088259,2.844707,0.885060,0.788751,0.044444,0.783797,0.864673,0.065578
347,sh.601899,2021-03-20,2020-12-31,0.120837,2.841918,1.120396,0.769511,0.049318,0.779828,0.892456,0.070862
348,sh.601919,2019-04-27,2019-03-31,0.026421,9.308909,0.144835,0.629223,0.031144,0.853985,0.494367,0.073770
349,sh.601919,2019-08-31,2019-06-30,0.047313,9.257009,0.297853,0.570656,0.030070,0.857658,0.486453,0.072074
350,sh.601919,2019-10-31,2019-09-30,0.078832,9.171942,0.453315,0.600488,0.031574,0.861582,0.523124,0.070054
351,sh.601919,2020-03-31,2019-12-31,0.232260,8.418926,0.616095,0.653552,0.068516,0.867780,0.695890,0.113459
352,sh.601919,2020-04-30,2020-03-31,0.008188,7.187123,0.141118,0.432371,0.018672,0.808924,0.431109,0.053543
353,sh.601919,2020-08-29,2020-06-30,0.031470,7.148217,0.286690,0.586671,0.026175,0.849190,0.527411,0.058443
354,sh.601919,2020-10-31,2020-09-30,0.103838,6.856917,0.461776,0.697860,0.046992,0.913390,0.683744,0.075245
355,sh.601919,2021-03-31,2020-12-31,0.250452,6.738063,0.641239,0.752766,0.077003,0.945495,0.801716,0.101585
356,sh.601995,2019-05-13,2019-03-31,0.021325,6.981817,,0.988742,0.283524,0.797916,,
357,sh.601995,2019-08-28,2019-06-30,0.043918,6.961079,,0.990111,0.272067,0.784639,,
358,sh.601995,2019-11-19,2019-09-30,0.072071,6.868030,,0.991591,0.282832,0.795265,,
359,sh.601995,2020-04-27,2019-12-31,0.093697,6.856876,,0.997856,0.269613,0.801230,,
360,sh.601995,2020-08-25,2020-06-30,0.061888,7.940845,,0.991241,0.293424,0.808350,,
361,sh.601995,2020-10-30,2020-09-30,0.093229,7.914227,,0.993011,0.293180,0.801845,,
362,sh.601995,2021-03-31,2020-12-31,0.120196,7.225889,,0.992470,0.306944,0.833514,,
363,sh.603259,2019-04-30,2019-03-31,0.021427,1.287119,0.119292,0.934557,0.149322,0.821632,0.799587,0.227290
364,sh.603259,2019-08-20,2019-06-30,0.059630,1.328728,0.250314,0.956376,0.187461,0.862266,1.015122,0.214167
365,sh.603259,2019-10-31,2019-09-30,0.101134,1.433447,0.370862,0.970701,0.195982,0.847368,1.049127,0.220453
366,sh.603259,2020-03-25,2019-12-31,0.105974,1.483026,0.495978,0.970253,0.148491,0.817901,1.002519,0.181095
367,sh.603259,2020-04-30,2020-03-31,0.017286,1.696100,0.107197,0.993230,0.095719,0.733727,0.930489,0.140202
368,sh.603259,2020-08-14,2020-06-30,0.095811,1.677081,0.240589,0.994025,0.238885,0.898810,0.957592,0.277549
369,sh.603259,2020-10-30,2020-09-30,0.096258,1.498803,0.320385,0.992146,0.202044,0.881469,0.972859,0.235607
370,sh.603259,2021-03-31,2020-12-31,0.118871,1.516490,0.437849,0.991289,0.180597,0.886292,0.970150,0.210037
371,sh.603288,2019-04-26,2019-03-31,0.101079,1.381086,0.272021,0.999657,0.269145,0.832559,1.046228,0.308990
372,sh.603288,2019-08-15,2019-06-30,0.197470,1.386139,0.526292,0.999531,0.270814,0.845027,1.049279,0.305429
373,sh.603288,2019-10-30,2019-09-30,0.265049,1.408882,0.727193,0.999438,0.258849,0.843660,1.054299,0.291015
374,sh.603288,2020-03-26,2019-12-31,0.351523,1.474129,0.881867,0.999429,0.270560,0.839905,1.048266,0.307299
375,sh.603288,2020-04-25,2020-03-31,0.092742,1.437887,0.235331,0.999056,0.274337,0.832141,0.954475,0.345400
376,sh.603288,2020-08-28,2020-06-30,0.194190,1.444540,0.479192,0.999023,0.280809,0.849175,1.054652,0.313548
377,sh.603288,2020-10-31,2020-09-30,0.262582,1.434311,0.684252,0.998735,0.267889,0.842676,1.057004,0.300758
378,sh.603288,2021-03-31,2020-12-31,0.349402,1.481227,0.839673,0.999037,0.281198,0.838612,1.054447,0.317999
379,sh.603501,2019-04-26,2019-03-31,0.030430,3.032080,0.142117,1.145765,0.061634,0.983399,0.977418,0.064122
380,sh.603501,2019-08-30,2019-06-30,0.015259,3.098997,0.301742,1.831695,0.008909,-2.418804,-0.085810,0.042921
381,sh.603501,2019-10-31,2019-09-30,0.029136,2.316022,0.875681,0.356760,0.040268,0.864876,0.725726,0.064156
382,sh.603501,2020-04-10,2019-12-31,0.097393,2.308744,1.234971,0.660212,0.051738,0.899061,0.758423,0.075877
383,sh.603501,2020-04-24,2020-03-31,0.052402,2.174419,0.206636,0.997019,0.116975,0.911911,0.881471,0.145523
384,sh.603501,2020-08-21,2020-06-30,0.113109,2.232669,0.411534,1.013957,0.121408,0.908114,0.897383,0.148980
385,sh.603501,2020-10-29,2020-09-30,0.191720,2.156337,0.719327,1.011070,0.122248,0.904303,0.904319,0.149488
386,sh.603501,2021-04-16,2020-12-31,0.282401,2.093615,0.988130,1.008567,0.135347,0.897025,0.916680,0.164599
387,sh.603986,2019-04-30,2019-03-31,0.020362,1.444148,0.162174,1.002725,0.086706,1.010431,0.698767,0.122803
388,sh.603986,2019-08-28,2019-06-30,0.068113,1.371749,0.318355,1.002411,0.155597,0.951734,1.000357,0.163429
389,sh.603986,2019-10-30,2019-09-30,0.131241,1.263690,0.508936,1.002093,0.203638,0.949640,1.095242,0.195789
390,sh.603986,2020-03-27,2019-12-31,0.170420,1.268397,0.709053,1.002722,0.188976,0.940270,1.013971,0.198211
391,sh.603986,2020-04-29,2020-03-31,0.031486,1.167023,0.129418,1.001258,0.208211,0.934685,1.011883,0.220145
392,sh.603986,2020-08-26,2020-06-30,0.047400,1.117203,0.193645,1.000581,0.218971,1.028515,1.021159,0.208489
393,sh.603986,2020-10-30,2020-09-30,0.085708,1.125859,0.359029,1.000314,0.211969,0.964485,1.017436,0.216008
394,sh.603986,2021-04-17,2020-12-31,0.110645,1.123421,0.502889,1.000240,0.195800,0.937476,1.042353,0.200372
